2026-08-20 12:52:46,28.62
2026-08-20 12:52:46,28.62
2026-08-20 12:52:46,28.62
2026-08-20 12:52:46,28.62
2026-08-20 12:52:46,28.62
2026-08-20 12:52:46,28.62
2026-08-20 12:52:46,28.62
2026-08-20 12:52:46,28.62
2026-08-20 12:52:46,28.62
2026-08-20 12:52:46,28.62
2026-08-20 12:52:46,28.62
2026-08-20 12:52:46,28.62
2026-08-20 12:52:46,28.62
2026-08-20 12:52:46,28.62
2026-08-20 12:52:46,28.62
2026-08-20 12:52:46,28.62
2026-08-20 12:52:46,28.62
2026-08-20 12:52:46,28.62
2026-08-20 12:52:46,28.62
2026-08-20 12:52:46,28.62
2026-08-20 12:52:46,28.62
2026-08-20 12:52:46,28.62
2026-08-20 12:52:46,28.62
2026-08-20 12:52:46,28.62
2026-08-20 12:52:46,28.62
2026-08-20 12:52:46,28.62
2026-08-20 12:52:46,28.62
2026-08-20 12:52:46,28.62
2026-08-20 12:52:46,28.62
2026-08-20 12:52:46,28.62
2026-08-20 12:52:46,28.62
2026-08-20 12:52:46,28.62
2026-08-20 12:52:46,28.62
2026-08-20 12:52:46,28.62
2026-08-20 12:52:46,28.62
2026-08-20 12:52:46,28.62
2026-08-20 12:52:46,28.62
2026-08-20 12:52:46,28.62
2026-08-20 12:52:46,28.62
2026-08-20 12:52:46,28.62
2026-08-20 12:52:46,28.62
2026-08-20 12:52:46,28.62
2026-08-20 12:52:46,28.62
2026-08-20 12:52:46,28.62
2026-08-20 12:52:46,28.62
2026-08-20 12:52:46,28.62
2026-08-20 12:52:46,28.62
2026-08-20 12:52:46,28.62
2026-08-20 12:52:46,28.62
2026-08-20 12:52:46,28.62
2026-08-20 12:52:46,28.62
2026-08-20 12:52:46,28.62
2026-08-20 12:52:46,28.62
2026-08-20 12:52:46,28.62
2026-08-20 12:52:46,28.62
2026-08-20 12:52:46,28.62
2026-08-20 12:52:46,28.62
2026-08-20 12:52:46,28.62
2026-08-20 12:52:46,28.62
2026-08-20 12:52:46,28.62
2026-08-20 12:52:46,28.62
2026-08-20 12:52:46,28.62
2026-08-20 12:52:46,28.62
2026-08-20 12:52:46,28.62
2026-08-20 12:52:46,28.62
2026-08-20 12:52:46,28.62
2026-08-20 12:52:46,28.62
2026-08-20 12:52:46,28.62
2026-08-20 12:52:46,28.62
2026-08-20 12:52:46,28.62
2026-08-20 12:52:46,28.62
2026-08-20 12:52:46,28.62
2026-08-20 12:52:46,28.62
2026-08-20 12:52:46,28.62
2026-08-20 12:52:46,28.62
2026-08-20 12:52:46,28.62
2026-08-20 12:52:46,28.62
2026-08-20 12:52:46,28.62
2026-08-20 12:52:46,28.62
2026-08-20 12:52:46,28.62
2026-08-20 12:52:46,28.62
2026-08-20 12:52:46,28.62
2026-08-20 12:52:46,28.62
2026-08-20 12:52:46,28.62
2026-08-20 12:52:46,28.62
2026-08-20 12:52:46,28.62
2026-08-20 12:52:46,28.62
2026-08-20 12:52:46,28.62
2026-08-20 12:52:46,28.62
2026-08-20 12:52:46,28.62
2026-08-20 12:52:46,28.62
2026-08-20 12:52:46,28.62
2026-08-20 12:52:46,28.62
2026-08-20 12:52:46,28.62
2026-08-20 12:52:46,28.62
2026-08-20 12:52:46,28.62
2026-08-20 12:52:46,28.62
2026-08-20 12:52:46,28.62
2026-08-20 12:52:46,28.62
2026-08-20 12:52:46,28.62
2026-08-20 12:52:46,28.62
2026-08-20 12:52:46,28.62
2026-08-20 12:52:46,28.62
2026-08-20 12:52:46,28.62
2026-08-20 12:52:46,28.62
2026-08-20 12:52:46,28.62
2026-08-20 12:52:46,28.62
2026-08-20 12:52:46,28.62
2026-08-20 12:52:46,28.62
2026-08-20 12:52:46,28.62
2026-08-20 12:52:46,28.62
2026-08-20 12:52:46,28.62
2026-08-20 12:52:46,28.62
2026-08-20 12:52:46,28.62
2026-08-20 12:52:46,28.62
2026-08-20 12:52:46,28.62
2026-08-20 12:52:46,28.62
2026-08-20 12:52:46,28.62
2026-08-20 12:52:46,28.62
2026-08-20 12:52:46,28.62
2026-08-20 12:52:48,28.69
2026-08-20 12:52:50,28.69
2026-08-20 12:52:52,28.69
2026-08-20 12:52:54,28.69
2026-08-20 12:52:56,28.69
2026-08-20 12:52:58,28.69
2026-08-20 12:53:00,28.69
2026-08-20 12:53:02,28.69
2026-08-20 12:53:04,28.69
2026-08-20 12:53:06,28.69
2026-08-20 12:53:08,28.69
2026-08-20 12:53:10,28.69
2026-08-20 12:53:12,28.69
